-- Clear existing data in proper order (respecting foreign keys)
DELETE FROM SPF_CURRICULO;
DELETE FROM SPF_HABILIDADE;
DELETE FROM SPF_EXPERIENCIA;
DELETE FROM SPF_PREMIACAO_EQUIPE;
DELETE FROM SPF_PREMIACAO_INDIVIDUAL;
DELETE FROM SPF_PARTICIPACAO_EQUIPE;
DELETE FROM SPF_PARTICIPACAO_INDIVIDUAL;
DELETE FROM SPF_MODALIDADE_EVENTO;
DELETE FROM SPF_EVENTO_EQUIPE;
DELETE FROM SPF_EVENTO_INDIVIDUAL;
DELETE FROM SPF_TIPO_EVENTO;
DELETE FROM SPF_EVENTO;
DELETE FROM SPF_MIDIA;
DELETE FROM SPF_POSTAGEM;
DELETE FROM SPF_SEGUIDOR;
DELETE FROM SPF_SERVICO_OFERECIDO;
DELETE FROM SPF_PATROCINIO;
DELETE FROM SPF_PATROCINIO_OFERECIDO;
DELETE FROM SPF_PROGRAMA_INCENTIVO;
DELETE FROM SPF_FISCALIZA;
DELETE FROM SPF_GOVERNO;
DELETE FROM SPF_EMPRESA;
DELETE FROM SPF_PATROCINADOR;
DELETE FROM SPF_ATLETA;
DELETE FROM SPF_LOCAL;
DELETE FROM SPF_EQUIPE;
DELETE FROM SPF_AGENCIA;

INSERT INTO SPF_AGENCIA (CNPJ, NOME) VALUES ('12345678000100', 'Agencia Alpha');
INSERT INTO SPF_AGENCIA (CNPJ, NOME) VALUES ('98765432000100', 'Agencia Beta');
INSERT INTO SPF_AGENCIA (CNPJ, NOME) VALUES ('45678912000100', 'Agencia Gamma');
INSERT INTO SPF_AGENCIA (CNPJ, NOME) VALUES ('65432178000100', 'Agencia Delta');
INSERT INTO SPF_AGENCIA (CNPJ, NOME) VALUES ('32165498000100', 'Agencia Epsilon');

INSERT INTO SPF_EQUIPE (CNPJ, NOME, NUMERO_INTEGRANTES) VALUES ('12345678000100', 'Equipe Alpha', 10);
INSERT INTO SPF_EQUIPE (CNPJ, NOME, NUMERO_INTEGRANTES) VALUES ('98765432000100', 'Equipe Beta', 8);
INSERT INTO SPF_EQUIPE (CNPJ, NOME, NUMERO_INTEGRANTES) VALUES ('45678912000100', 'Equipe Gamma', 12);
INSERT INTO SPF_EQUIPE (CNPJ, NOME, NUMERO_INTEGRANTES) VALUES ('65432178000100', 'Equipe Delta', 6);
INSERT INTO SPF_EQUIPE (CNPJ, NOME, NUMERO_INTEGRANTES) VALUES ('32165498000100', 'Equipe Epsilon', 9);

INSERT INTO SPF_ATLETA (NOME_USUARIO, SENHA, NOME, DATA_NASCIMENTO, ESPORTE, GENERO, AGENCIA_CNPJ, EQUIPE_CNPJ)
VALUES ('user1', 'pass123', 'Carlos Silva', TO_DATE('1990-05-15', 'YYYY-MM-DD'), 'Futebol', 'M', '12345678000100', '12345678000100');
INSERT INTO SPF_ATLETA (NOME_USUARIO, SENHA, NOME, DATA_NASCIMENTO, ESPORTE, GENERO, AGENCIA_CNPJ, EQUIPE_CNPJ)
VALUES ('user2', 'pass456', 'Ana Souza', TO_DATE('1992-07-20', 'YYYY-MM-DD'), 'Voleibol', 'F', '98765432000100', '98765432000100');
INSERT INTO SPF_ATLETA (NOME_USUARIO, SENHA, NOME, DATA_NASCIMENTO, ESPORTE, GENERO, AGENCIA_CNPJ, EQUIPE_CNPJ)
VALUES ('user3', 'pass789', 'Pedro Lima', TO_DATE('1988-03-10', 'YYYY-MM-DD'), 'Natação', 'M', '45678912000100', '45678912000100');
INSERT INTO SPF_ATLETA (NOME_USUARIO, SENHA, NOME, DATA_NASCIMENTO, ESPORTE, GENERO, AGENCIA_CNPJ, EQUIPE_CNPJ)
VALUES ('user4', 'pass101', 'Julia Costa', TO_DATE('1995-12-05', 'YYYY-MM-DD'), 'Atletismo', 'F', '65432178000100', '65432178000100');
INSERT INTO SPF_ATLETA (NOME_USUARIO, SENHA, NOME, DATA_NASCIMENTO, ESPORTE, GENERO, AGENCIA_CNPJ, EQUIPE_CNPJ)
VALUES ('user5', 'pass202', 'Marcos Dias', TO_DATE('1985-09-30', 'YYYY-MM-DD'), 'Ciclismo', 'M', '32165498000100', '32165498000100');


INSERT INTO SPF_POSTAGEM (NOME_USUARIO, DATA_HORA, CURTIDAS, COMENTARIOS)
VALUES ('user1', SYSTIMESTAMP, 100, 15);
INSERT INTO SPF_POSTAGEM (NOME_USUARIO, DATA_HORA, CURTIDAS, COMENTARIOS)
VALUES ('user2', SYSTIMESTAMP, 150, 20);
INSERT INTO SPF_POSTAGEM (NOME_USUARIO, DATA_HORA, CURTIDAS, COMENTARIOS)
VALUES ('user3', SYSTIMESTAMP, 200, 25);
INSERT INTO SPF_POSTAGEM (NOME_USUARIO, DATA_HORA, CURTIDAS, COMENTARIOS)
VALUES ('user4', SYSTIMESTAMP, 300, 30);
INSERT INTO SPF_POSTAGEM (NOME_USUARIO, DATA_HORA, CURTIDAS, COMENTARIOS)
VALUES ('user5', SYSTIMESTAMP, 50, 5);

INSERT INTO SPF_MIDIA (POSTAGEM_ID, CONTEUDO) VALUES (1, 'https://www.cnnbrasil.com.br/wp-content/uploads/sites/12/2023/04/20210227185746_625-e1682650295810.jpeg?w=910');
INSERT INTO SPF_MIDIA (POSTAGEM_ID, CONTEUDO) VALUES (2, 'https://lncimg.lance.com.br/uploads/2023/06/o8gdmllorxuapylhykxf-aspect-ratio-512-320.jpg');
INSERT INTO SPF_MIDIA (POSTAGEM_ID, CONTEUDO) VALUES (3, 'https://29horas.com.br/wp-content/uploads/2021/03/DSC_0129-scaled.jpg');
INSERT INTO SPF_MIDIA (POSTAGEM_ID, CONTEUDO) VALUES (4, 'https://static.todamateria.com.br/upload/78/0p/780pxryanbertucciofchicostatejumps714-cke.jpg');
INSERT INTO SPF_MIDIA (POSTAGEM_ID, CONTEUDO) VALUES (5, 'https://kinexfisioterapia.com.br/wp-content/uploads/2020/08/ciclismo-kinex-fisioterapia.jpg');

INSERT INTO SPF_SEGUIDOR (NOME_USUARIO_SEGUIDOR, NOME_USUARIO_SEGUIDO) VALUES ('user1', 'user2');
INSERT INTO SPF_SEGUIDOR (NOME_USUARIO_SEGUIDOR, NOME_USUARIO_SEGUIDO) VALUES ('user1', 'user3');
INSERT INTO SPF_SEGUIDOR (NOME_USUARIO_SEGUIDOR, NOME_USUARIO_SEGUIDO) VALUES ('user2', 'user4');
INSERT INTO SPF_SEGUIDOR (NOME_USUARIO_SEGUIDOR, NOME_USUARIO_SEGUIDO) VALUES ('user3', 'user5');
INSERT INTO SPF_SEGUIDOR (NOME_USUARIO_SEGUIDOR, NOME_USUARIO_SEGUIDO) VALUES ('user4', 'user1');

INSERT INTO SPF_PATROCINADOR (CNPJ, ESFERA_DE_PODER) VALUES ('11111111000100', 'Estadual');
INSERT INTO SPF_PATROCINADOR (CNPJ, ESFERA_DE_PODER) VALUES ('22222222000100', 'Municipal');
INSERT INTO SPF_PATROCINADOR (CNPJ, ESFERA_DE_PODER) VALUES ('33333333000100', 'Federal');
INSERT INTO SPF_PATROCINADOR (CNPJ, ESFERA_DE_PODER) VALUES ('44444444000100', 'Privado');
INSERT INTO SPF_PATROCINADOR (CNPJ, ESFERA_DE_PODER) VALUES ('55555555000100', 'ONG');

INSERT INTO SPF_GOVERNO (CNPJ, AREA_DE_ATUACAO) VALUES ('11111111000100', 'Educação Física');
INSERT INTO SPF_GOVERNO (CNPJ, AREA_DE_ATUACAO) VALUES ('22222222000100', 'Promoção ao Esporte');
INSERT INTO SPF_GOVERNO (CNPJ, AREA_DE_ATUACAO) VALUES ('33333333000100', 'Saúde e Bem-estar');
INSERT INTO SPF_GOVERNO (CNPJ, AREA_DE_ATUACAO) VALUES ('44444444000100', 'Infraestrutura Esportiva');
INSERT INTO SPF_GOVERNO (CNPJ, AREA_DE_ATUACAO) VALUES ('55555555000100', 'Inclusão Social pelo Esporte');

INSERT INTO SPF_EMPRESA (CNPJ, NOME) VALUES ('66666666000100', 'Esportes Inc.');
INSERT INTO SPF_EMPRESA (CNPJ, NOME) VALUES ('77777777000100', 'Atletas Ltda.');
INSERT INTO SPF_EMPRESA (CNPJ, NOME) VALUES ('88888888000100', 'Fitness Pro');
INSERT INTO SPF_EMPRESA (CNPJ, NOME) VALUES ('99999999000100', 'Health & Sports');
INSERT INTO SPF_EMPRESA (CNPJ, NOME) VALUES ('00000000000100', 'SportVision');

INSERT INTO SPF_PROGRAMA_INCENTIVO (GOVERNO_CNPJ, NOME) VALUES ('11111111000100', 'Bolsa Atleta');
INSERT INTO SPF_PROGRAMA_INCENTIVO (GOVERNO_CNPJ, NOME) VALUES ('22222222000100', 'Esporte para Todos');
INSERT INTO SPF_PROGRAMA_INCENTIVO (GOVERNO_CNPJ, NOME) VALUES ('33333333000100', 'Saúde em Movimento');
INSERT INTO SPF_PROGRAMA_INCENTIVO (GOVERNO_CNPJ, NOME) VALUES ('44444444000100', 'Estruturas Modernas');
INSERT INTO SPF_PROGRAMA_INCENTIVO (GOVERNO_CNPJ, NOME) VALUES ('55555555000100', 'Esporte e Sociedade');

INSERT INTO SPF_PATROCINIO_OFERECIDO (EMPRESA_CNPJ, NOME) VALUES ('66666666000100', 'Patrocínio Ouro');
INSERT INTO SPF_PATROCINIO_OFERECIDO (EMPRESA_CNPJ, NOME) VALUES ('77777777000100', 'Patrocínio Prata');
INSERT INTO SPF_PATROCINIO_OFERECIDO (EMPRESA_CNPJ, NOME) VALUES ('88888888000100', 'Patrocínio Bronze');
INSERT INTO SPF_PATROCINIO_OFERECIDO (EMPRESA_CNPJ, NOME) VALUES ('99999999000100', 'Patrocínio Diamante');
INSERT INTO SPF_PATROCINIO_OFERECIDO (EMPRESA_CNPJ, NOME) VALUES ('00000000000100', 'Patrocínio Esmeralda');

INSERT INTO SPF_LOCAL (NOME, CEP, NUMERO) VALUES ('Ginásio Municipal', '12345678', 100);
INSERT INTO SPF_LOCAL (NOME, CEP, NUMERO) VALUES ('Estádio Nacional', '87654321', 200);
INSERT INTO SPF_LOCAL (NOME, CEP, NUMERO) VALUES ('Quadra do Bairro', '11223344', 300);
INSERT INTO SPF_LOCAL (NOME, CEP, NUMERO) VALUES ('Piscina Olímpica', '55667788', 400);
INSERT INTO SPF_LOCAL (NOME, CEP, NUMERO) VALUES ('Centro Esportivo', '99887766', 500);

INSERT INTO SPF_PATROCINIO (NUM_CONTRATO, VALORES, INICIO, FIM) VALUES ('C-1001', 50000, TO_DATE('2024-01-01', 'YYYY-MM-DD'), TO_DATE('2025-01-01', 'YYYY-MM-DD'));
INSERT INTO SPF_PATROCINIO (NUM_CONTRATO, VALORES, INICIO, FIM) VALUES ('C-1002', 75000, TO_DATE('2024-02-01', 'YYYY-MM-DD'), TO_DATE('2025-02-01', 'YYYY-MM-DD'));
INSERT INTO SPF_PATROCINIO (NUM_CONTRATO, VALORES, INICIO, FIM) VALUES ('C-1003', 100000, TO_DATE('2024-03-01', 'YYYY-MM-DD'), TO_DATE('2025-03-01', 'YYYY-MM-DD'));
INSERT INTO SPF_PATROCINIO (NUM_CONTRATO, VALORES, INICIO, FIM) VALUES ('C-1004', 125000, TO_DATE('2024-04-01', 'YYYY-MM-DD'), TO_DATE('2025-04-01', 'YYYY-MM-DD'));
INSERT INTO SPF_PATROCINIO (NUM_CONTRATO, VALORES, INICIO, FIM) VALUES ('C-1005', 150000, TO_DATE('2024-05-01', 'YYYY-MM-DD'), NULL);

INSERT INTO SPF_SERVICO_OFERECIDO (PATROCINIO_NUM_CONTRATO, SERVICO) VALUES ('C-1001', 'Apoio Logístico');
INSERT INTO SPF_SERVICO_OFERECIDO (PATROCINIO_NUM_CONTRATO, SERVICO) VALUES ('C-1002', 'Marketing e Divulgação');
INSERT INTO SPF_SERVICO_OFERECIDO (PATROCINIO_NUM_CONTRATO, SERVICO) VALUES ('C-1003', 'Treinamento Técnico');
INSERT INTO SPF_SERVICO_OFERECIDO (PATROCINIO_NUM_CONTRATO, SERVICO) VALUES ('C-1004', 'Infraestrutura');
INSERT INTO SPF_SERVICO_OFERECIDO (PATROCINIO_NUM_CONTRATO, SERVICO) VALUES ('C-1005', 'Equipamentos Esportivos');

INSERT INTO SPF_FISCALIZA (EMPRESA_CNPJ, GOVERNO_CNPJ) VALUES ('66666666000100', '11111111000100');
INSERT INTO SPF_FISCALIZA (EMPRESA_CNPJ, GOVERNO_CNPJ) VALUES ('77777777000100', '22222222000100');
INSERT INTO SPF_FISCALIZA (EMPRESA_CNPJ, GOVERNO_CNPJ) VALUES ('88888888000100', '33333333000100');
INSERT INTO SPF_FISCALIZA (EMPRESA_CNPJ, GOVERNO_CNPJ) VALUES ('99999999000100', '44444444000100');
INSERT INTO SPF_FISCALIZA (EMPRESA_CNPJ, GOVERNO_CNPJ) VALUES ('00000000000100', '55555555000100');

INSERT INTO SPF_EVENTO (DATA_HORA, NOME, PATROCINADOR_CNPJ, CEP, NUMERO_LOCAL, CAPACIDADE)
VALUES (TO_TIMESTAMP('2024-12-25 18:00:00', 'YYYY-MM-DD HH24:MI:SS'), 'Campeonato Regional', '11111111000100', '12345678', 100, 500);
INSERT INTO SPF_EVENTO (DATA_HORA, NOME, PATROCINADOR_CNPJ, CEP, NUMERO_LOCAL, CAPACIDADE)
VALUES (TO_TIMESTAMP('2024-11-20 14:00:00', 'YYYY-MM-DD HH24:MI:SS'), 'Maratona Municipal', '22222222000100', '87654321', 200, 1000);
INSERT INTO SPF_EVENTO (DATA_HORA, NOME, PATROCINADOR_CNPJ, CEP, NUMERO_LOCAL, CAPACIDADE)
VALUES (TO_TIMESTAMP('2024-10-15 09:00:00', 'YYYY-MM-DD HH24:MI:SS'), 'Jogos Estaduais', '33333333000100', '11223344', 300, 300);
INSERT INTO SPF_EVENTO (DATA_HORA, NOME, PATROCINADOR_CNPJ, CEP, NUMERO_LOCAL, CAPACIDADE)
VALUES (TO_TIMESTAMP('2024-09-10 16:00:00', 'YYYY-MM-DD HH24:MI:SS'), 'Competição Nacional', '44444444000100', '55667788', 400, 10000);
INSERT INTO SPF_EVENTO (DATA_HORA, NOME, PATROCINADOR_CNPJ, CEP, NUMERO_LOCAL, CAPACIDADE)
VALUES (TO_TIMESTAMP('2024-08-05 20:00:00', 'YYYY-MM-DD HH24:MI:SS'), 'Copa Internacional', '55555555000100', '99887766', 500, 15000);
INSERT INTO SPF_EVENTO (DATA_HORA, NOME, PATROCINADOR_CNPJ, CEP, NUMERO_LOCAL, CAPACIDADE)
VALUES (TO_TIMESTAMP('2024-06-10 10:00:00', 'YYYY-MM-DD HH24:MI:SS'), 'Torneio Diverso', '55555555000100', '55667788', 400, 5000);

INSERT INTO SPF_TIPO_EVENTO (EVENTO_ID, TIPO) VALUES (1, 'Individual');
INSERT INTO SPF_TIPO_EVENTO (EVENTO_ID, TIPO) VALUES (2, 'Equipe');
INSERT INTO SPF_TIPO_EVENTO (EVENTO_ID, TIPO) VALUES (3, 'Misto');
INSERT INTO SPF_TIPO_EVENTO (EVENTO_ID, TIPO) VALUES (4, 'Exibição');
INSERT INTO SPF_TIPO_EVENTO (EVENTO_ID, TIPO) VALUES (5, 'Competitivo');
INSERT INTO SPF_TIPO_EVENTO (EVENTO_ID, TIPO) VALUES (6, 'Individual');
INSERT INTO SPF_TIPO_EVENTO (EVENTO_ID, TIPO) VALUES (6, 'Competitivo');

INSERT INTO SPF_EVENTO_INDIVIDUAL (EVENTO_ID) VALUES (1);
INSERT INTO SPF_EVENTO_INDIVIDUAL (EVENTO_ID) VALUES (3);
INSERT INTO SPF_EVENTO_INDIVIDUAL (EVENTO_ID) VALUES (5);

INSERT INTO SPF_EVENTO_EQUIPE (EVENTO_ID) VALUES (2);
INSERT INTO SPF_EVENTO_EQUIPE (EVENTO_ID) VALUES (4);

INSERT INTO SPF_PARTICIPACAO_INDIVIDUAL (NOME_USUARIO, EVENTO_ID, MODALIDADE) VALUES ('user1', 1, 'Corrida');
INSERT INTO SPF_PARTICIPACAO_INDIVIDUAL (NOME_USUARIO, EVENTO_ID, MODALIDADE) VALUES ('user2', 1, 'Natação');
INSERT INTO SPF_PARTICIPACAO_INDIVIDUAL (NOME_USUARIO, EVENTO_ID, MODALIDADE) VALUES ('user3', 3, 'Salto');
INSERT INTO SPF_PARTICIPACAO_INDIVIDUAL (NOME_USUARIO, EVENTO_ID, MODALIDADE) VALUES ('user4', 3, 'Ginástica');
INSERT INTO SPF_PARTICIPACAO_INDIVIDUAL (NOME_USUARIO, EVENTO_ID, MODALIDADE) VALUES ('user5', 5, 'Arremesso de Peso');

INSERT INTO SPF_PARTICIPACAO_EQUIPE (NOME_USUARIO, EVENTO_ID, MODALIDADE) VALUES ('user1', 2, 'Futebol');
INSERT INTO SPF_PARTICIPACAO_EQUIPE (NOME_USUARIO, EVENTO_ID, MODALIDADE) VALUES ('user2', 2, 'Vôlei');
INSERT INTO SPF_PARTICIPACAO_EQUIPE (NOME_USUARIO, EVENTO_ID, MODALIDADE) VALUES ('user3', 4, 'Basquete');
INSERT INTO SPF_PARTICIPACAO_EQUIPE (NOME_USUARIO, EVENTO_ID, MODALIDADE) VALUES ('user4', 4, 'Rugby');
INSERT INTO SPF_PARTICIPACAO_EQUIPE (NOME_USUARIO, EVENTO_ID, MODALIDADE) VALUES ('user5', 4, 'Hóquei');

INSERT INTO SPF_PREMIACAO_INDIVIDUAL (DATA_HORA, CATEGORIA, TIPO, ID_PARTICIPACAO)
VALUES (TO_TIMESTAMP('2024-12-01 12:00:00', 'YYYY-MM-DD HH24:MI:SS'), 'Ouro', 'Corrida', 1);
INSERT INTO SPF_PREMIACAO_INDIVIDUAL (DATA_HORA, CATEGORIA, TIPO, ID_PARTICIPACAO)
VALUES (TO_TIMESTAMP('2024-12-02 15:00:00', 'YYYY-MM-DD HH24:MI:SS'), 'Prata', 'Natação', 2);
INSERT INTO SPF_PREMIACAO_INDIVIDUAL (DATA_HORA, CATEGORIA, TIPO, ID_PARTICIPACAO)
VALUES (TO_TIMESTAMP('2024-12-03 18:00:00', 'YYYY-MM-DD HH24:MI:SS'), 'Bronze', 'Salto', 3);
INSERT INTO SPF_PREMIACAO_INDIVIDUAL (DATA_HORA, CATEGORIA, TIPO, ID_PARTICIPACAO)
VALUES (TO_TIMESTAMP('2024-12-04 20:00:00', 'YYYY-MM-DD HH24:MI:SS'), 'Honra ao Mérito', 'Ginástica', 4);
INSERT INTO SPF_PREMIACAO_INDIVIDUAL (DATA_HORA, CATEGORIA, TIPO, ID_PARTICIPACAO)
VALUES (TO_TIMESTAMP('2024-12-05 22:00:00', 'YYYY-MM-DD HH24:MI:SS'), 'Participação', 'Arremesso de Peso', 5);

INSERT INTO SPF_PREMIACAO_EQUIPE (DATA_HORA, CATEGORIA, TIPO, ID_PARTICIPACAO)
VALUES (TO_TIMESTAMP('2024-12-01 12:00:00', 'YYYY-MM-DD HH24:MI:SS'), 'Ouro', 'Futebol', 1);
INSERT INTO SPF_PREMIACAO_EQUIPE (DATA_HORA, CATEGORIA, TIPO, ID_PARTICIPACAO)
VALUES (TO_TIMESTAMP('2024-12-02 15:00:00', 'YYYY-MM-DD HH24:MI:SS'), 'Prata', 'Vôlei', 2);
INSERT INTO SPF_PREMIACAO_EQUIPE (DATA_HORA, CATEGORIA, TIPO, ID_PARTICIPACAO)
VALUES (TO_TIMESTAMP('2024-12-03 18:00:00', 'YYYY-MM-DD HH24:MI:SS'), 'Bronze', 'Basquete', 3);
INSERT INTO SPF_PREMIACAO_EQUIPE (DATA_HORA, CATEGORIA, TIPO, ID_PARTICIPACAO)
VALUES (TO_TIMESTAMP('2024-12-04 20:00:00', 'YYYY-MM-DD HH24:MI:SS'), 'Honra ao Mérito', 'Rugby', 4);
INSERT INTO SPF_PREMIACAO_EQUIPE (DATA_HORA, CATEGORIA, TIPO, ID_PARTICIPACAO)
VALUES (TO_TIMESTAMP('2024-12-05 22:00:00', 'YYYY-MM-DD HH24:MI:SS'), 'Participação', 'Hóquei', 5);

INSERT INTO SPF_MODALIDADE_EVENTO (EVENTO_ID, MODALIDADE) VALUES (1, 'Corrida');
INSERT INTO SPF_MODALIDADE_EVENTO (EVENTO_ID, MODALIDADE) VALUES (2, 'Futebol');
INSERT INTO SPF_MODALIDADE_EVENTO (EVENTO_ID, MODALIDADE) VALUES (3, 'Natação');
INSERT INTO SPF_MODALIDADE_EVENTO (EVENTO_ID, MODALIDADE) VALUES (4, 'Basquete');
INSERT INTO SPF_MODALIDADE_EVENTO (EVENTO_ID, MODALIDADE) VALUES (5, 'Ginástica');

INSERT INTO SPF_EXPERIENCIA (NOME_USUARIO, DESCRICAO) VALUES ('user1', 'Participação no campeonato nacional');
INSERT INTO SPF_EXPERIENCIA (NOME_USUARIO, DESCRICAO) VALUES ('user2', 'Experiência internacional em maratonas');
INSERT INTO SPF_EXPERIENCIA (NOME_USUARIO, DESCRICAO) VALUES ('user3', 'Medalhista estadual em natação');
INSERT INTO SPF_EXPERIENCIA (NOME_USUARIO, DESCRICAO) VALUES ('user4', 'Treinamento em ginástica olímpica');
INSERT INTO SPF_EXPERIENCIA (NOME_USUARIO, DESCRICAO) VALUES ('user5', 'Campeão de arremesso de peso');

INSERT INTO SPF_HABILIDADE (NOME_USUARIO, DESCRICAO) VALUES ('user1', 'Velocidade');
INSERT INTO SPF_HABILIDADE (NOME_USUARIO, DESCRICAO) VALUES ('user1', 'Resistência');
INSERT INTO SPF_HABILIDADE (NOME_USUARIO, DESCRICAO) VALUES ('user2', 'Força');
INSERT INTO SPF_HABILIDADE (NOME_USUARIO, DESCRICAO) VALUES ('user3', 'Precisão');
INSERT INTO SPF_HABILIDADE (NOME_USUARIO, DESCRICAO) VALUES ('user4', 'Flexibilidade');
INSERT INTO SPF_HABILIDADE (NOME_USUARIO, DESCRICAO) VALUES ('user5', 'Força');

INSERT INTO SPF_CURRICULO (NOME_USUARIO, DATA) VALUES ('user1', TO_DATE('2024-12-01', 'YYYY-MM-DD'));
INSERT INTO SPF_CURRICULO (NOME_USUARIO, DATA) VALUES ('user2', TO_DATE('2024-11-15', 'YYYY-MM-DD'));
INSERT INTO SPF_CURRICULO (NOME_USUARIO, DATA) VALUES ('user3', TO_DATE('2024-10-20', 'YYYY-MM-DD'));
INSERT INTO SPF_CURRICULO (NOME_USUARIO, DATA) VALUES ('user4', TO_DATE('2024-09-10', 'YYYY-MM-DD'));
INSERT INTO SPF_CURRICULO (NOME_USUARIO, DATA) VALUES ('user5', TO_DATE('2024-08-05', 'YYYY-MM-DD'));


